{"scale": 1.0, "morphTargets": [], "uvs": [[]], "vertices": [-4.755282581475766, 25.0, 1.5450849718747404, -4.755282581475766, -25.0, 1.5450849718747404, -4.221639627510073, -25.0, 2.6791339748949876, 1.243449435824274, 25.0, 4.842915805643155, 0.0, 25.0, 5.0, 0.0, -25.0, 5.0, -4.221639627510073, 25.0, 2.6791339748949876, -3.422735529643438, -25.0, 3.6448431371070624, 2.4087683705085765, 25.0, 4.381533400219318, 1.243449435824274, -25.0, 4.842915805643155, -3.422735529643438, 25.0, 3.6448431371070624, -2.408768370508569, 25.0, 4.381533400219323, -2.408768370508569, -25.0, 4.381533400219323, 3.4227355296434436, 25.0, 3.644843137107058, 2.4087683705085765, -25.0, 4.381533400219318, -1.2434494358242638, -25.0, 4.842915805643158, -1.2434494358242638, 25.0, 4.842915805643158, 4.221639627510076, 25.0, 2.6791339748949827, 3.4227355296434436, -25.0, 3.644843137107058, 4.755282581475767, 25.0, 1.5450849718747373, 4.221639627510076, -25.0, 2.6791339748949827, 4.990133642141358, 25.0, 0.31395259764656763, 4.755282581475767, -25.0, 1.5450849718747373, 4.911436253643443, 25.0, -0.9369065729286219, 4.990133642141358, -25.0, 0.31395259764656763, 4.911436253643443, -25.0, -0.9369065729286219, 4.524135262330098, 25.0, -2.1288964578253617, 4.524135262330098, -25.0, -2.1288964578253617, 3.8525662138789474, 25.0, -3.187119948743447, 3.8525662138789474, -25.0, -3.187119948743447, 2.9389262614623677, 25.0, -4.0450849718747355, 2.9389262614623677, -25.0, -4.0450849718747355, 1.8406227634233927, 25.0, -4.648882429441255, 1.8406227634233927, -25.0, -4.648882429441255, 0.6266661678215248, -25.0, -4.960573506572389, 0.6266661678215248, 25.0, -4.960573506572389, -0.6266661678215171, 25.0, -4.9605735065723895, -0.6266661678215171, -25.0, -4.9605735065723895, -1.8406227634233854, -25.0, -4.648882429441259, -1.8406227634233854, 25.0, -4.648882429441259, -2.9389262614623615, -25.0, -4.04508497187474, -2.9389262614623615, 25.0, -4.04508497187474, -3.8525662138789443, -25.0, -3.187119948743451, -3.8525662138789443, 25.0, -3.187119948743451, -4.5241352623300966, -25.0, -2.128896457825365, -4.5241352623300966, 25.0, -2.128896457825365, -4.911436253643443, 25.0, -0.9369065729286231, -4.911436253643443, -25.0, -0.9369065729286231, -4.990133642141358, -25.0, 0.3139525976465686, -4.990133642141358, 25.0, 0.3139525976465686], "colors": [], "materials": [{"specularCoef": 50, "DbgIndex": 0, "DbgName": "Material", "vertexColors": false, "colorDiffuse": [0.19607843137254902, 0.19607843137254902, 0.19607843137254902], "transparency": 1.0, "colorAmbient": [0.0, 0.0, 0.0], "shading": "Lambert", "DbgColor": 15658734, "colorSpecular": [0.5, 0.5, 0.5]}], "faces": [0, 0, 1, 2, 0, 3, 4, 5, 0, 6, 0, 2, 0, 6, 2, 7, 0, 8, 3, 9, 0, 3, 5, 9, 0, 10, 6, 7, 0, 11, 10, 7, 0, 11, 7, 12, 0, 13, 8, 14, 0, 8, 9, 14, 0, 11, 12, 15, 0, 16, 11, 15, 0, 17, 13, 18, 0, 13, 14, 18, 0, 4, 16, 5, 0, 16, 15, 5, 0, 19, 17, 20, 0, 17, 18, 20, 0, 21, 19, 22, 0, 19, 20, 22, 0, 23, 21, 24, 0, 21, 22, 24, 0, 23, 24, 25, 0, 26, 23, 27, 0, 23, 25, 27, 0, 28, 26, 29, 0, 30, 28, 29, 0, 26, 27, 29, 0, 30, 29, 31, 0, 32, 30, 33, 0, 30, 31, 33, 0, 32, 33, 34, 0, 35, 32, 34, 0, 36, 35, 34, 0, 36, 34, 37, 0, 36, 37, 38, 0, 39, 36, 38, 0, 39, 38, 40, 0, 41, 39, 40, 0, 41, 40, 42, 0, 43, 41, 42, 0, 43, 42, 44, 0, 45, 43, 44, 0, 46, 45, 44, 0, 46, 44, 47, 0, 46, 47, 48, 0, 49, 46, 48, 0, 0, 49, 48, 0, 0, 48, 1, 0, 1, 7, 2, 0, 15, 12, 7, 0, 47, 1, 48, 0, 9, 5, 15, 0, 44, 1, 47, 0, 38, 42, 40, 0, 38, 44, 42, 0, 38, 7, 1, 0, 38, 15, 7, 0, 38, 1, 44, 0, 22, 14, 9, 0, 22, 18, 14, 0, 22, 20, 18, 0, 34, 38, 37, 0, 34, 9, 15, 0, 34, 15, 38, 0, 25, 24, 22, 0, 25, 22, 9, 0, 25, 9, 34, 0, 33, 25, 34, 0, 29, 27, 25, 0, 29, 33, 31, 0, 29, 25, 33, 0, 6, 10, 0, 0, 10, 11, 16, 0, 49, 0, 46, 0, 16, 4, 3, 0, 46, 0, 45, 0, 41, 43, 39, 0, 43, 45, 39, 0, 0, 10, 39, 0, 10, 16, 39, 0, 45, 0, 39, 0, 3, 8, 19, 0, 8, 13, 19, 0, 13, 17, 19, 0, 36, 39, 35, 0, 16, 3, 35, 0, 39, 16, 35, 0, 19, 21, 23, 0, 3, 19, 23, 0, 35, 3, 23, 0, 35, 23, 32, 0, 23, 26, 28, 0, 30, 32, 28, 0, 32, 23, 28], "normals": [], "metadata": {"uvs": 0, "morphTargets": 0, "generatedBy": "ParametricParts", "colors": 0, "vertices": 50, "formatVersion": 3, "materials": 1, "normals": 0, "faces": 96}}