{"scale": 1.0, "morphTargets": [], "uvs": [[]], "vertices": [-60.0, 25.0, 22.0, -60.0, 25.0, 0.0, -60.0, -25.0, 0.0, -60.0, -25.0, 22.0, -47.0, -25.0, 23.0, -47.0, 25.0, 23.0, -37.0, 25.0, 40.0, -37.0, -25.0, 40.0, 5.0, 25.0, 40.0, 5.0, -25.0, 40.0, 23.0, 25.0, 25.0, 23.0, -25.0, 25.0, 60.0, 25.0, 22.0, 60.0, -25.0, 22.0, 60.0, 25.0, 0.0, 60.0, -25.0, 0.0], "colors": [], "materials": [{"specularCoef": 50, "DbgIndex": 0, "DbgName": "Material", "vertexColors": false, "colorDiffuse": [0.9215686274509803, 0.596078431372549, 0.3058823529411765], "transparency": 1.0, "colorAmbient": [0.0, 0.0, 0.0], "shading": "Lambert", "DbgColor": 15658734, "colorSpecular": [0.5, 0.5, 0.5]}], "faces": [0, 0, 1, 2, 0, 0, 2, 3, 0, 0, 3, 4, 0, 5, 0, 4, 0, 6, 5, 4, 0, 6, 4, 7, 0, 8, 6, 7, 0, 8, 7, 9, 0, 10, 8, 9, 0, 10, 9, 11, 0, 12, 10, 11, 0, 12, 11, 13, 0, 14, 12, 13, 0, 14, 13, 15, 0, 1, 14, 15, 0, 1, 15, 2, 0, 0, 5, 1, 0, 5, 6, 8, 0, 5, 8, 10, 0, 1, 5, 10, 0, 10, 12, 14, 0, 1, 10, 14, 0, 2, 4, 3, 0, 9, 7, 4, 0, 11, 9, 4, 0, 11, 4, 2, 0, 15, 13, 11, 0, 15, 11, 2], "normals": [], "metadata": {"uvs": 0, "morphTargets": 0, "generatedBy": "ParametricParts", "colors": 0, "vertices": 16, "formatVersion": 3, "materials": 1, "normals": 0, "faces": 28}}