{"scale": 1.0, "morphTargets": [], "uvs": [[]], "vertices": [-4.755282581475766, 25.0, 1.5450849718747404, -4.755282581475766, -25.0, 1.5450849718747404, -4.221639627510073, -25.0, 2.6791339748949876, 1.243449435824274, 25.0, 4.842915805643155, 0.0, 25.0, 5.0, 0.0, -25.0, 5.0, -4.221639627510073, 25.0, 2.6791339748949876, -3.422735529643438, -25.0, 3.6448431371070624, 2.4087683705085765, 25.0, 4.381533400219318, 1.243449435824274, -25.0, 4.842915805643155, -3.422735529643438, 25.0, 3.6448431371070624, -2.408768370508569, 25.0, 4.381533400219323, -2.408768370508569, -25.0, 4.381533400219323, 3.4227355296434436, 25.0, 3.644843137107058, 2.4087683705085765, -25.0, 4.381533400219318, -1.2434494358242638, -25.0, 4.842915805643158, -1.2434494358242638, 25.0, 4.842915805643158, 4.221639627510076, 25.0, 2.6791339748949827, 3.4227355296434436, -25.0, 3.644843137107058, 4.755282581475767, 25.0, 1.5450849718747373, 4.221639627510076, -25.0, 2.6791339748949827, 4.990133642141358, 25.0, 0.31395259764656763, 4.755282581475767, -25.0, 1.5450849718747373, 4.911436253643443, 25.0, -0.9369065729286219, 4.990133642141358, -25.0, 0.31395259764656763, 4.911436253643443, -25.0, -0.9369065729286219, 4.524135262330098, 25.0, -2.1288964578253617, 4.524135262330098, -25.0, -2.1288964578253617, 3.8525662138789474, 25.0, -3.187119948743447, 3.8525662138789474, -25.0, -3.187119948743447, 2.9389262614623677, 25.0, -4.0450849718747355, 2.9389262614623677, -25.0, -4.0450849718747355, 1.8406227634233927, 25.0, -4.648882429441255, 1.8406227634233927, -25.0, -4.648882429441255, 0.6266661678215248, -25.0, -4.960573506572389, 0.6266661678215248, 25.0, -4.960573506572389, -0.6266661678215171, 25.0, -4.9605735065723895, -0.6266661678215171, -25.0, -4.9605735065723895, -1.8406227634233854, -25.0, -4.648882429441259, -1.8406227634233854, 25.0, -4.648882429441259, -2.9389262614623615, -25.0, -4.04508497187474, -2.9389262614623615, 25.0, -4.04508497187474, -3.8525662138789443, -25.0, -3.187119948743451, -3.8525662138789443, 25.0, -3.187119948743451, -4.5241352623300966, -25.0, -2.128896457825365, -4.5241352623300966, 25.0, -2.128896457825365, -4.911436253643443, 25.0, -0.9369065729286231, -4.911436253643443, -25.0, -0.9369065729286231, -4.990133642141358, -25.0, 0.3139525976465686, -4.990133642141358, 25.0, 0.3139525976465686, -0.5521868290270157, -25.0, -1.3946647288323777, 1.4265847744427302, -25.0, 0.4635254915624212, 1.4970400926424072, -25.0, 0.09418577929397029, -0.18799985034645514, -25.0, -1.488172051971717, 1.473430876093033, -25.0, -0.28107197187858657, 0.18799985034645747, -25.0, -1.4881720519717168, -1.2664918882530218, -25.0, 0.8037401924684964, -1.0268206588930315, -25.0, 1.0934529411321185, 1.3572405786990296, -25.0, -0.6386689373476084, -0.7226305111525706, -25.0, 1.3144600200657968, 0.5521868290270178, -25.0, -1.3946647288323768, 1.1557698641636842, -25.0, -0.9561359846230342, -1.42658477444273, -25.0, 0.46352549156242207, 0.8816778784387104, -25.0, -1.2135254915624207, -0.37303483074727917, -25.0, 1.4528747416929475, -1.4970400926424072, -25.0, 0.09418577929397058, 0.0, -25.0, 1.5, -1.473430876093033, -25.0, -0.28107197187858696, 0.37303483074728216, -25.0, 1.4528747416929466, -1.3572405786990291, -25.0, -0.6386689373476094, 0.722630511152573, -25.0, 1.3144600200657954, -1.155769864163683, -25.0, -0.9561359846230353, 1.026820658893033, -25.0, 1.0934529411321172, -0.8816778784387084, -25.0, -1.213525491562422, 1.2664918882530225, -25.0, 0.8037401924684948, 1.3144600200657954, 25.0, 0.722630511152573, 1.0934529411321172, 25.0, 1.026820658893033, -0.6386689373476094, 25.0, -1.3572405786990291, -0.28107197187858696, 25.0, -1.473430876093033, 1.4528747416929466, 25.0, 0.37303483074728216, 0.09418577929397058, 25.0, -1.4970400926424072, -0.9561359846230342, 25.0, 1.1557698641636842, 1.5, 25.0, 0.0, -1.2135254915624207, 25.0, 0.8816778784387104, 0.46352549156242207, 25.0, -1.42658477444273, -0.6386689373476084, 25.0, 1.3572405786990296, 1.4528747416929475, 25.0, -0.37303483074727917, 0.8037401924684964, 25.0, -1.2664918882530218, -1.3946647288323768, 25.0, 0.5521868290270178, 1.3144600200657968, 25.0, -0.7226305111525706, -0.28107197187858657, 25.0, 1.473430876093033, 1.0934529411321185, 25.0, -1.0268206588930315, -1.4881720519717168, 25.0, 0.18799985034645747, 0.09418577929397029, 25.0, 1.4970400926424072, -1.488172051971717, 25.0, -0.18799985034645514, 0.4635254915624212, 25.0, 1.4265847744427302, -1.3946647288323777, 25.0, -0.5521868290270157, 0.8037401924684948, 25.0, 1.2664918882530225, -1.213525491562422, 25.0, -0.8816778784387084, -0.9561359846230353, 25.0, -1.155769864163683, -1.473430876093033, -15.0, -0.28107197187858696, -1.4970400926424072, -15.0, 0.09418577929397058, -1.42658477444273, -15.0, 0.46352549156242207, -1.2664918882530218, -15.0, 0.8037401924684964, 0.0, -15.0, 1.5, 0.37303483074728216, -15.0, 1.4528747416929466, -1.0268206588930315, -15.0, 1.0934529411321185, 0.722630511152573, -15.0, 1.3144600200657954, -0.7226305111525706, -15.0, 1.3144600200657968, 1.026820658893033, -15.0, 1.0934529411321172, -0.37303483074727917, -15.0, 1.4528747416929475, 1.2664918882530225, -15.0, 0.8037401924684948, 1.4265847744427302, -15.0, 0.4635254915624212, 1.4970400926424072, -15.0, 0.09418577929397029, 1.473430876093033, -15.0, -0.28107197187858657, 1.3572405786990296, -15.0, -0.6386689373476084, 1.1557698641636842, -15.0, -0.9561359846230342, 0.8816778784387104, -15.0, -1.2135254915624207, 0.5521868290270178, -15.0, -1.3946647288323768, 0.18799985034645747, -15.0, -1.4881720519717168, -0.18799985034645514, -15.0, -1.488172051971717, -0.5521868290270157, -15.0, -1.3946647288323777, -0.8816778784387084, -15.0, -1.213525491562422, -1.155769864163683, -15.0, -0.9561359846230353, -1.3572405786990291, -15.0, -0.6386689373476094, -0.28107197187858696, 15.0, -1.473430876093033, 0.09418577929397058, 15.0, -1.4970400926424072, 0.46352549156242207, 15.0, -1.42658477444273, 0.8037401924684964, 15.0, -1.2664918882530218, 1.5, 15.0, 0.0, 1.4528747416929466, 15.0, 0.37303483074728216, 1.0934529411321185, 15.0, -1.0268206588930315, 1.3144600200657954, 15.0, 0.722630511152573, 1.3144600200657968, 15.0, -0.7226305111525706, 1.0934529411321172, 15.0, 1.026820658893033, 1.4528747416929475, 15.0, -0.37303483074727917, 0.8037401924684948, 15.0, 1.2664918882530225, 0.4635254915624212, 15.0, 1.4265847744427302, 0.09418577929397029, 15.0, 1.4970400926424072, -0.28107197187858657, 15.0, 1.473430876093033, -0.6386689373476084, 15.0, 1.3572405786990296, -0.9561359846230342, 15.0, 1.1557698641636842, -1.2135254915624207, 15.0, 0.8816778784387104, -1.3946647288323768, 15.0, 0.5521868290270178, -1.4881720519717168, 15.0, 0.18799985034645747, -1.488172051971717, 15.0, -0.18799985034645514, -1.3946647288323777, 15.0, -0.5521868290270157, -1.213525491562422, 15.0, -0.8816778784387084, -0.9561359846230353, 15.0, -1.155769864163683, -0.6386689373476094, 15.0, -1.3572405786990291], "colors": [], "materials": [{"specularCoef": 50, "DbgIndex": 0, "DbgName": "Material", "vertexColors": false, "colorDiffuse": [0.19607843137254902, 0.19607843137254902, 0.19607843137254902], "transparency": 1.0, "colorAmbient": [0.0, 0.0, 0.0], "shading": "Lambert", "DbgColor": 15658734, "colorSpecular": [0.5, 0.5, 0.5]}],