{"scale": 1.0, "morphTargets": [], "uvs": [[]], "vertices": [-3.9921069137130862, 22.75, 0.2511620781172549, -3.929149002914755, 22.75, -0.7495252583428985, -3.9921069137130862, -22.75, 0.2511620781172549, -3.8042260651806132, 22.75, 1.2360679774997922, -3.8042260651806132, -22.75, 1.2360679774997922, -3.377311702008058, -22.75, 2.14330717991599, -3.377311702008058, 22.75, 2.14330717991599, -2.7381884237147505, 22.75, 2.9158745096856498, 0.0, 22.75, 4.0, 0.0, -22.75, 4.0, 0.9947595486594192, -22.75, 3.8743326445145243, 0.9947595486594192, 22.75, 3.8743326445145243, -2.7381884237147505, -22.75, 2.9158745096856498, 1.9270146964068613, 22.75, 3.5052267201754543, 1.9270146964068613, -22.75, 3.5052267201754543, -1.927014696406855, -22.75, 3.505226720175458, -1.927014696406855, 22.75, 3.505226720175458, 2.738188423714755, 22.75, 2.915874509685646, 2.738188423714755, -22.75, 2.915874509685646, -0.9947595486594111, -22.75, 3.8743326445145265, -0.9947595486594111, 22.75, 3.8743326445145265, 3.3773117020080603, 22.75, 2.143307179915986, 3.3773117020080603, -22.75, 2.143307179915986, 3.804226065180614, 22.75, 1.2360679774997898, 3.804226065180614, -22.75, 1.2360679774997898, 3.9921069137130862, 22.75, 0.2511620781172541, 3.9921069137130862, -22.75, 0.2511620781172541, 3.929149002914755, 22.75, -0.7495252583428975, 3.929149002914755, -22.75, -0.7495252583428975, 3.6193082098640788, 22.75, -1.7031171662602893, 3.6193082098640788, -22.75, -1.7031171662602893, 3.082052971103158, 22.75, -2.5496959589947576, 3.082052971103158, -22.75, -2.5496959589947576, 2.3511410091698943, 22.75, -3.2360679774997885, 2.3511410091698943, -22.75, -3.2360679774997885, 1.4724982107387141, 22.75, -3.7191059435530045, 1.4724982107387141, -22.75, -3.7191059435530045, 0.5013329342572199, -22.75, -3.968458805257911, 0.5013329342572199, 22.75, -3.968458805257911, -0.5013329342572137, 22.75, -3.968458805257912, -0.5013329342572137, -22.75, -3.968458805257912, -1.4724982107387083, -22.75, -3.719105943553007, -1.4724982107387083, 22.75, -3.719105943553007, -2.351141009169889, -22.75, -3.236067977499792, -2.351141009169889, 22.75, -3.236067977499792, -3.0820529711031552, -22.75, -2.5496959589947608, -3.0820529711031552, 22.75, -2.5496959589947608, -3.6193082098640774, -22.75, -1.7031171662602917, -3.6193082098640774, 22.75, -1.7031171662602917, -3.929149002914755, -22.75, -0.7495252583428985, -0.5521868290270157, -22.75, -1.3946647288323777, 1.4265847744427302, -22.75, 0.4635254915624212, 1.4970400926424072, -22.75, 0.09418577929397029, -0.18799985034645514, -22.75, -1.488172051971717, -1.0268206588930315, -22.75, 1.0934529411321185, 0.18799985034645747, -22.75, -1.4881720519717168, -1.2664918882530218, -22.75, 0.8037401924684964, -0.7226305111525706, -22.75, 1.3144600200657968, 1.473430876093033, -22.75, -0.28107197187858657, 1.3572405786990296, -22.75, -0.6386689373476084, 0.8816778784387104, -22.75, -1.2135254915624207, 0.5521868290270178, -22.75, -1.3946647288323768, -1.42658477444273, -22.75, 0.46352549156242207, -0.37303483074727917, -22.75, 1.4528747416929475, 1.1557698641636842, -22.75, -0.9561359846230342, -1.4970400926424072, -22.75, 0.09418577929397058, 0.0, -22.75, 1.5, -1.473430876093033, -22.75, -0.28107197187858696, 0.37303483074728216, -22.75, 1.4528747416929466, -1.3572405786990291, -22.75, -0.6386689373476094, 0.722630511152573, -22.75, 1.3144600200657954, -1.155769864163683, -22.75, -0.9561359846230353, 1.026820658893033, -22.75, 1.0934529411321172, 1.2664918882530225, -22.75, 0.8037401924684948, -0.8816778784387084, -22.75, -1.213525491562422, -0.6386689373476094, 22.75, -1.3572405786990291, -0.28107197187858696, 22.75, -1.473430876093033, 1.3144600200657954, 22.75, 0.722630511152573, 1.4528747416929466, 22.75, 0.37303483074728216, 0.09418577929397058, 22.75, -1.4970400926424072, 1.5, 22.75, 0.0, -0.9561359846230342, 22.75, 1.1557698641636842, -1.2135254915624207, 22.75, 0.8816778784387104, 0.46352549156242207, 22.75, -1.42658477444273, -0.6386689373476084, 22.75, 1.3572405786990296, 1.4528747416929475, 22.75, -0.37303483074727917, -1.3946647288323768, 22.75, 0.5521868290270178, 0.8037401924684964, 22.75, -1.2664918882530218, -0.28107197187858657, 22.75, 1.473430876093033, 1.3144600200657968, 22.75, -0.7226305111525706, 1.0934529411321185, 22.75, -1.0268206588930315, -1.4881720519717168, 22.75, 0.18799985034645747, 0.09418577929397029, 22.75, 1.4970400926424072, -1.488172051971717, 22.75, -0.18799985034645514, 0.4635254915624212, 22.75, 1.4265847744427302, -1.3946647288323777, 22.75, -0.5521868290270157, 0.8037401924684948, 22.75, 1.2664918882530225, -1.213525491562422, 22.75, -0.8816778784387084, 1.0934529411321172, 22.75, 1.026820658893033, -0.9561359846230353, 22.75, -1.155769864163683, -1.473430876093033, -12.75, -0.28107197187858696, -1.4970400926424072, -12.75, 0.09418577929397058, -1.42658477444273, -12.75, 0.46352549156242207, -1.2664918882530218, -12.75, 0.8037401924684964, 0.0, -12.75, 1.5, 0.37303483074728216, -12.75, 1.4528747416929466, -1.0268206588930315, -12.75, 1.0934529411321185, 0.722630511152573, -12.75, 1.3144600200657954, -0.7226305111525706, -12.75, 1.3144600200657968, 1.026820658893033, -12.75, 1.0934529411321172, -0.37303483074727917, -12.75, 1.4528747416929475, 1.2664918882530225, -12.75, 0.8037401924684948, 1.4265847744427302, -12.75, 0.4635254915624212, 1.4970400926424072, -12.75, 0.09418577929397029, 1.473430876093033, -12.75, -0.28107197187858657, 1.3572405786990296, -12.75, -0.6386689373476084, 1.1557698641636842, -12.75, -0.9561359846230342, 0.8816778784387104, -12.75, -1.2135254915624207, 0.5521868290270178, -12.75, -1.3946647288323768, 0.18799985034645747, -12.75, -1.4881720519717168, -0.18799985034645514, -12.75, -1.488172051971717, -0.5521868290270157, -12.75, -1.3946647288323777, -0.8816778784387084, -12.75, -1.213525491562422, -1.155769864163683, -12.75, -0.9561359846230353, -1.3572405786990291, -12.75, -0.6386689373476094, -0.28107197187858696, 12.75, -1.473430876093033, 0.09418577929397058, 12.75, -1.4970400926424072, 0.46352549156242207, 12.75, -1.42658477444273, 0.8037401924684964, 12.75, -1.2664918882530218, 1.5, 12.75, 0.0, 1.4528747416929466, 12.75, 0.37303483074728216, 1.0934529411321185, 12.75, -1.0268206588930315, 1.3144600200657954, 12.75, 0.722630511152573, 1.3144600200657968, 12.75, -0.7226305111525706, 1.0934529411321172, 12.75, 1.026820658893033, 1.4528747416929475, 12.75, -0.37303483074727917, 0.8037401924684948, 12.75, 1.2664918882530225, 0.4635254915624212, 12.75, 1.4265847744427302, 0.09418577929397029, 12.75, 1.4970400926424072, -0.28107197187858657, 12.75, 1.473430876093033, -0.6386689373476084, 12.75, 1.3572405786990296, -0.9561359846230342, 12.75, 1.1557698641636842, -1.2135254915624207, 12.75, 0.8816778784387104, -1.3946647288323768, 12.75, 0.5521868290270178, -1.4881720519717168, 12.75, 0.18799985034645747, -1.488172051971717, 12.75, -0.18799985034645514, -1.3946647288323777, 12.75, -0.5521868290270157, -1.213525491562422, 12.75, -0.8816778784387084, -0.9561359846230353, 12.75, -1.155769864163683, -0.6386689373476094, 12.75, -1.3572405786990291], "colors": [], "materials": [{"specularCoef": 50, "DbgIndex": 0, "DbgName": "Material", "vertexColors": false, "colorDiffuse": [0.19607843137254902, 0.19607843137254902, 0.19607843137254902], "transparency": 1.0, "colorAmbient": [0.0, 0.0, 0.0], "shading": "Lambert", "DbgColor": 15658734, "colorSpecular": [0.5, 0.5, 0.5]}],