{"scale": 1.0, "morphTargets": [], "uvs": [[]], "vertices": [12.5, 24.75, 0.0, 12.5, 22.75, 0.0, 12.449678674940488, 22.75, -1.1204913612929186, 12.449678674940488, 24.75, -1.1204913612929186, 12.299119857482872, 24.75, -2.231961184982958, 12.299119857482872, 22.75, -2.231961184982958, 12.049535758698166, 24.75, -3.325460569583439, 12.049535758698166, 22.75, -3.325460569583439, 11.702935882996716, 22.75, -4.3921853010167835, 11.702935882996716, 24.75, -4.3921853010167835, 11.262110848780239, 24.75, -5.423546738969477, 11.262110848780239, 22.75, -5.423546738969477, 10.730609920023326, 22.75, -6.411240967573827, 10.730609920023326, 24.75, -6.411240967573827, 10.112712429686843, 22.75, -7.347315653655914, 10.112712429686843, 24.75, -7.347315653655914, 9.413393325045137, 24.75, -8.224234074246407, 9.413393325045137, 22.75, -8.224234074246407, 8.638283112335808, 24.75, -9.034935797842394, 8.638283112335808, 22.75, -9.034935797842394, 7.79362252323417, 24.75, -9.772893530850373, 7.79362252323417, 22.75, -9.772893530850373, 6.886212268151281, 24.75, -10.432165671516284, 6.886212268151281, 22.75, -10.432165671516284, 5.923358280912484, 24.75, -11.007444148209226, 5.923358280912484, 22.75, -11.007444148209226, 4.912812895674046, 24.75, -11.494097156893131, 4.912812895674046, 22.75, -11.494097156893131, 3.862712429686843, 22.75, -11.888206453689419, 3.862712429686843, 24.75, -11.888206453689419, 2.7815116744539305, 22.75, -12.186598902272795, 2.7815116744539305, 24.75, -12.186598902272795, 1.6779158227206943, 22.75, -12.386872022099183, 1.6779158227206943, 24.75, -12.386872022099183, 0.5608103793814373, 22.75, -12.487413331766433, 0.5608103793814373, 24.75, -12.487413331766433, -0.5608103793814357, 22.75, -12.487413331766433, -0.5608103793814357, 24.75, -12.487413331766433, -1.6779158227206925, 22.75, -12.386872022099185, -1.6779158227206925, 24.75, -12.386872022099185, -2.781511674453929, 22.75, -12.186598902272795, -2.781511674453929, 24.75, -12.186598902272795, -3.862712429686842, 22.75, -11.88820645368942, -3.862712429686842, 24.75, -11.88820645368942, -4.912812895674044, 22.75, -11.494097156893133, -4.912812895674044, 24.75, -11.494097156893133, -5.923358280912482, 22.75, -11.007444148209226, -5.923358280912482, 24.75, -11.007444148209226, -6.88621226815128, 24.75, -10.432165671516284, -6.88621226815128, 22.75, -10.432165671516284, -7.793622523234169, 22.75, -9.772893530850373, -7.793622523234169, 24.75, -9.772893530850373, -8.638283112335808, 24.75, -9.034935797842394, -8.638283112335808, 22.75, -9.034935797842394, -9.413393325045135, 22.75, -8.224234074246409, -9.413393325045135, 24.75, -8.224234074246409, -10.112712429686841, 24.75, -7.347315653655915, -10.112712429686841, 22.75, -7.347315653655915, -10.730609920023326, 24.75, -6.411240967573828, -10.730609920023326, 22.75, -6.411240967573828, -11.262110848780239, 24.75, -5.423546738969478, -11.262110848780239, 22.75, -5.423546738969478, -11.702935882996716, 24.75, -4.392185301016785, -11.702935882996716, 22.75, -4.392185301016785, -12.049535758698166, 24.75, -3.3254605695834405, -12.049535758698166, 22.75, -3.3254605695834405, -12.299119857482872, 24.75, -2.2319611849829597, -12.299119857482872, 22.75, -2.2319611849829597, -12.449678674940488, 24.75, -1.1204913612929202, -12.449678674940488, 22.75, -1.1204913612929202, -12.5, 24.75, -1.5308084989341915e-15, -12.5, 22.75, -1.5308084989341915e-15, -12.449678674940488, 24.75, 1.120491361292917, -12.449678674940488, 22.75, 1.120491361292917, -12.299119857482872, 24.75, 2.2319611849829566, -12.299119857482872, 22.75, 2.2319611849829566, -12.049535758698166, 24.75, 3.3254605695834374, -12.049535758698166, 22.75, 3.3254605695834374, -11.702935882996716, 24.75, 4.392185301016783, -11.702935882996716, 22.75, 4.392185301016783, -11.262110848780239, 22.75, 5.423546738969475, -11.262110848780239, 24.75, 5.423546738969475, -10.730609920023328, 24.75, 6.411240967573825, -10.730609920023328, 22.75, 6.411240967573825, -10.112712429686844, 22.75, 7.3473156536559125, -10.112712429686844, 24.75, 7.3473156536559125, -9.413393325045138, 24.75, 8.224234074246406, -9.413393325045138, 22.75, 8.224234074246406, -8.63828311233581, 24.75, 9.034935797842394, -8.63828311233581, 22.75, 9.034935797842394, -7.793622523234172, 24.75, 9.772893530850371, -7.793622523234172, 22.75, 9.772893530850371, -6.886212268151283, 24.75, 10.432165671516282, -6.886212268151283, 22.75, 10.432165671516282, -5.923358280912485, 24.75, 11.007444148209224, -5.923358280912485, 22.75, 11.007444148209224, -4.9128128956740476, 24.75, 11.494097156893131, -4.9128128956740476, 22.75, 11.494097156893131, -3.8627124296868445, 24.75, 11.888206453689419, -3.8627124296868445, 22.75, 11.888206453689419, -2.7815116744539323, 24.75, 12.186598902272795, -2.7815116744539323, 22.75, 12.186598902272795, -1.6779158227206956, 24.75, 12.386872022099183, -1.6779158227206956, 22.75, 12.386872022099183, -0.5608103793814389, 24.75, 12.487413331766433, -0.5608103793814389, 22.75, 12.487413331766433, 0.5608103793814343, 24.75, 12.487413331766433, 0.5608103793814343, 22.75, 12.487413331766433, 1.6779158227206912, 24.75, 12.386872022099185, 1.6779158227206912, 22.75, 12.386872022099185, 2.781511674453928, 24.75, 12.186598902272795, 2.781511674453928, 22.75, 12.186598902272795, 3.8627124296868405, 24.75, 11.88820645368942, 3.8627124296868405, 22.75, 11.88820645368942, 4.912812895674043, 24.75, 11.494097156893133, 4.912812895674043, 22.75, 11.494097156893133, 5.923358280912481, 24.75, 11.007444148209226, 5.923358280912481, 22.75, 11.007444148209226, 6.8862122681512785, 24.75, 10.432165671516284, 6.8862122681512785, 22.75, 10.432165671516284, 7.793622523234167, 24.75, 9.772893530850373, 7.793622523234167, 22.75, 9.772893530850373, 8.638283112335806, 24.75, 9.034935797842396, 8.638283112335806, 22.75, 9.034935797842396, 9.413393325045135, 24.75, 8.22423407424641, 9.413393325045135, 22.75, 8.22423407424641, 10.112712429686841, 24.75, 7.347315653655917, 10.112712429686841, 22.75, 7.347315653655917, 10.730609920023324, 24.75, 6.411240967573829, 10.730609920023324, 22.75, 6.411240967573829, 11.262110848780239, 22.75, 5.423546738969479, 11.262110848780239, 24.75, 5.423546738969479, 11.702935882996714, 22.75, 4.392185301016786, 11.702935882996714, 24.75, 4.392185301016786, 12.049535758698166, 24.75, 3.325460569583442, 12.049535758698166, 22.75, 3.325460569583442, 12.299119857482872, 22.75, 2.231961184982961, 12.299119857482872, 24.75, 2.231961184982961, 12.449678674940486, 22.75, 1.1204913612929217, 12.449678674940486, 24.75, 1.1204913612929217, -1.618033988749896, 22.75, 1.1755705045849445, -1.2748479794973804, 22.75, 1.5410264855515776, -1.9842294026289555, 22.75, -0.25066646712860996, 1.4579372548428249, 22.75, 1.3690942118573752, -0.37476262917144876, 22.75, -1.9645745014573774, 1.071653589957995, 22.75, 1.688655851004029, -1.8595529717765023, 22.75, -0.7362491053693571, 1.457937254842823, 22.75, -1.3690942118573775, 1.071653589957993, 22.75, -1.6886558510040302, -0.8515585831301447, 22.75, -1.8096541049320394, 1.752613360087729, 22.75, 0.9635073482034275, 0.6180339887498961, 22.75, 1.9021130325903066, -1.6180339887498942, 22.75, -1.1755705045849472, -1.2748479794973788, 22.75, -1.541026485551579, -1.8595529717765036, 22.75, 0.7362491053693542, 1.9371663222572633, 22.75, 0.49737977432970554, 0.12558103905862744, 22.75, 1.9960534568565431, 0.6180339887498949, 22.75, -1.902113032590307, 2.0, 22.75, 0.0, -0.37476262917144926, 22.75, 1.9645745014573774, -1.984229402628956, 22.75, 0.25066646712860685, 1.9371663222572622, 22.75, -0.4973797743297096, 0.12558103905862705, 22.75, -1.9960534568565431, -0.8515585831301459, 22.75, 1.8096541049320387, 1.7526133600877272, 22.75, -0.9635073482034306, -1.7031171662602893, 24.75, -3.6193082098640788, -0.7495252583428975, 24.75, -3.929149002914755, -3.7191059435530045, 24.75, -1.472498210738714, 2.143307179915986, 24.75, -3.3773117020080603, 2.14330717991599, 24.75, 3.377311702008058, -3.236067977499792, 