{"scale": 1.0, "morphTargets": [], "uvs": [[]], "vertices": [14.948767395100047, -10.0, 1.238690182084985, 15.0, -10.0, 0.0, 15.0, 0.0, 0.0, 14.948767395100047, 0.0, 1.238690182084985, 14.795419551040835, -10.0, 2.4689188542110085, 14.795419551040835, 0.0, 2.4689188542110085, 14.541003989089955, -10.0, 3.682282307111987, 14.541003989089955, 0.0, 3.682282307111987, 14.18725862550952, 0.0, 4.870492038070251, 14.18725862550952, -10.0, 4.870492038070251, 13.736599899825862, 0.0, 6.025431369794541, 13.736599899825862, -10.0, 6.025431369794541, 13.192106268097335, -10.0, 7.139210895556102, 13.192106268097335, 0.0, 7.139210895556102, 12.55749717393793, 0.0, 8.204222371836401, 12.55749717393793, -10.0, 8.204222371836401, 11.837107640945904, -10.0, 9.213190690345018, 11.837107640945904, 0.0, 9.213190690345018, 11.035858660096975, -10.0, 10.159223574386116, 11.035858660096975, 0.0, 10.159223574386116, 10.159223574386116, -10.0, 11.035858660096974, 10.159223574386116, 0.0, 11.035858660096974, 9.213190690345018, 0.0, 11.837107640945904, 9.213190690345018, -10.0, 11.837107640945904, 8.204222371836403, 0.0, 12.557497173937929, 8.204222371836403, -10.0, 12.557497173937929, 7.139210895556104, 0.0, 13.192106268097334, 7.139210895556104, -10.0, 13.192106268097334, 6.025431369794543, 0.0, 13.736599899825862, 6.025431369794543, -10.0, 13.736599899825862, 4.870492038070253, 0.0, 14.18725862550952, 4.870492038070253, -10.0, 14.18725862550952, 3.6822823071119886, 0.0, 14.541003989089955, 3.6822823071119886, -10.0, 14.541003989089955, 2.46891885421101, -10.0, 14.795419551040835, 2.46891885421101, 0.0, 14.795419551040835, 1.2386901820849858, 0.0, 14.948767395100047, 1.2386901820849858, -10.0, 14.948767395100047, 9.18485099360515e-16, 0.0, 15.0, 9.18485099360515e-16, -10.0, 15.0, -1.238690182084984, 0.0, 14.948767395100047, -1.238690182084984, -10.0, 14.948767395100047, -2.4689188542110077, 0.0, 14.795419551040837, -2.4689188542110077, -10.0, 14.795419551040837, -3.682282307111987, 0.0, 14.541003989089955, -3.682282307111987, -10.0, 14.541003989089955, -4.870492038070251, -10.0, 14.18725862550952, -4.870492038070251, 0.0, 14.18725862550952, -6.025431369794541, -10.0, 13.736599899825862, -6.025431369794541, 0.0, 13.736599899825862, -7.139210895556103, -10.0, 13.192106268097335, -7.139210895556103, 0.0, 13.192106268097335, -8.204222371836401, -10.0, 12.55749717393793, -8.204222371836401, 0.0, 12.55749717393793, -9.213190690345018, -10.0, 11.837107640945904, -9.213190690345018, 0.0, 11.837107640945904, -10.159223574386113, -10.0, 11.035858660096977, -10.159223574386113, 0.0, 11.035858660096977, -11.03585866009697, -10.0, 10.159223574386122, -11.03585866009697, 0.0, 10.159223574386122, -11.837107640945902, -10.0, 9.21319069034502, -11.837107640945902, 0.0, 9.21319069034502, -12.557497173937929, -10.0, 8.204222371836401, -12.557497173937929, 0.0, 8.204222371836401, -13.192106268097334, -10.0, 7.139210895556105, -13.192106268097334, 0.0, 7.139210895556105, -13.73659989982586, -10.0, 6.025431369794547, -13.73659989982586, 0.0, 6.025431369794547, -14.18725862550952, -10.0, 4.870492038070254, -14.18725862550952, 0.0, 4.870492038070254, -14.541003989089957, -10.0, 3.682282307111986, -14.541003989089957, 0.0, 3.682282307111986, -14.795419551040835, 0.0, 2.4689188542110103, -14.795419551040835, -10.0, 2.4689188542110103, -14.948767395100047, -10.0, 1.23869018208499, -14.948767395100047, 0.0, 1.23869018208499, -15.0, -10.0, 1.83697019872103e-15, -15.0, 0.0, 1.83697019872103e-15, -14.948767395100047, 0.0, -1.2386901820849865, -14.948767395100047, -10.0, -1.2386901820849865, -14.795419551040837, 0.0, -2.4689188542110068, -14.795419551040837, -10.0, -2.4689188542110068, -14.541003989089957, -10.0, -3.682282307111983, -14.541003989089957, 0.0, -3.682282307111983, -14.187258625509521, 0.0, -4.870492038070251, -14.187258625509521, -10.0, -4.870492038070251, -13.736599899825862, -10.0, -6.025431369794544, -13.736599899825862, 0.0, -6.025431369794544, -13.192106268097335, -10.0, -7.139210895556102, -13.192106268097335, 0.0, -7.139210895556102, -12.557497173937932, -10.0, -8.2042223718364, -12.557497173937932, 0.0, -8.2042223718364, -11.837107640945906, -10.0, -9.213190690345018, -11.837107640945906, 0.0, -9.213190690345018, -11.035858660096972, -10.0, -10.159223574386118, -11.035858660096972, 0.0, -10.159223574386118, -10.159223574386116, -10.0, -11.035858660096974, -10.159223574386116, 0.0, -11.035858660096974, -9.213190690345021, -10.0, -11.837107640945902, -9.213190690345021, 0.0, -11.837107640945902, -8.204222371836403, -10.0, -12.557497173937929, -8.204222371836403, 0.0, -12.557497173937929, -7.1392108955561, -10.0, -13.192106268097337, -7.1392108955561, 0.0, -13.192106268097337, -6.025431369794548, -10.0, -13.73659989982586, -6.025431369794548, 0.0, -13.73659989982586, -4.870492038070267, -10.0, -14.187258625509514, -4.870492038070267, 0.0, -14.187258625509514, -3.6822823071119997, -10.0, -14.541003989089953, -3.6822823071119997, 0.0, -14.541003989089953, -2.468918854211018, -10.0, -14.795419551040835, -2.468918854211018, 0.0, -14.795419551040835, -1.2386901820850045, -10.0, -14.948767395100045, -1.2386901820850045, 0.0, -14.948767395100045, -2.9400807889085304e-14, -10.0, -15.0, -2.9400807889085304e-14, 0.0, -15.0, 1.238690182084959, -10.0, -14.948767395100049, 1.238690182084959, 0.0, -14.948767395100049, 2.4689188542109863, -10.0, -14.79541955104084, 2.4689188542109863, 0.0, -14.79541955104084, 3.682282307111956, -10.0, -14.541003989089964, 3.682282307111956, 0.0, -14.541003989089964, 4.870492038070212, -10.0, -14.187258625509534, 4.870492038070212, 0.0, -14.187258625509534, 6.025431369794506, -10.0, -13.736599899825878, 6.025431369794506, 0.0, -13.736599899825878, 7.139210895556072, 0.0, -13.192106268097353, 7.139210895556072, -10.0, -13.192106268097353, 8.204222371836366, -10.0, -12.557497173937954, 8.204222371836366, 0.0, -12.557497173937954, 9.213190690344973, 0.0, -11.837107640945938, 9.213190690344973, -10.0, -11.837107640945938, 10.159223574386079, 0.0, -11.03585866009701, 10.159223574386079, -10.0, -11.03585866009701, 11.035858660096942, 0.0, -10.159223574386152, 11.035858660096942, -10.0, -10.159223574386152, 11.837107640945868, 0.0, -9.213190690345062, 11.837107640945868, -10.0, -9.213190690345062, 12.557497173937891, -10.0, -8.20422237183646, 12.557497173937891, 0.0, -8.20422237183646, 13.192106268097307, -10.0, -7.13921089555616, 13.192106268097307, 0.0, -7.13921089555616, 13.736599899825837, 0.0, -6.025431369794598, 13.736599899825837, -10.0, -6.025431369794598, 14.187258625509498, -10.0, -4.870492038070319, 14.187258625509498, 0.0, -4.870492038070319, 14.541003989089935, 0.0, -3.6822823071120654, 14.541003989089935, -10.0, -3.6822823071120654, 14.795419551040823, -10.0, -2.4689188542110845, 14.795419551040823, 0.0, -2.4689188542110845, 14.948767395100045, -10.0, -1.2386901820850318, 14.948767395100045, 0.0, -1.2386901820850318], "colors": [], "materials": [{"specularCoef": 50, "DbgIndex": 0, "DbgName": "Material", "vertexColors": false, "colorDiffuse": [0.6627450980392157, 0.19607843137254902, 0.14901960784313725], "transparency": 1.0, "colorAmbient": [0.0, 0.0, 0.0], "shading": "Lambert", "DbgColor": 15658734, "colorSpecular": [0.5, 0.5, 0.5]}],