{"scale": 1.0, "morphTargets": [], "uvs": [[]], "vertices": [-5.472135954999578, -18.41640786499874, 2.999999999999999, -5.472135954999578, -18.41640786499874, -6.999999999999999, 12.416407864998737, -9.472135954999576, 2.999999999999999, 12.416407864998737, -9.472135954999576, -6.999999999999999, 3.472135954999578, 8.416407864998739, -6.999999999999999, 3.472135954999578, 8.416407864998739, 2.999999999999999, 1.8817562875604956, -3.4001184561348996, 2.999999999999999, 2.2229446805067417, -2.410075718173996, 2.999999999999999, 2.3518088835202455, -1.378185624126003, 2.999999999999999, 1.342698104836674, -4.306370811220402, 2.999999999999999, -14.416407864998737, -0.527864045000423, 2.999999999999999, -6.118755731678369, 2.3227824700374518, 2.999999999999999, -5.024922359499621, 3.0498447189992426, 2.999999999999999, -6.997974178377725, 1.3543470901828432, 2.999999999999999, -7.558592443850146, 0.32770937188221105, 2.999999999999999, 2.2628895820564816, -0.34816405836414255, 2.999999999999999, -7.85060165050784, -0.6760982827017272, 2.999999999999999, -7.928170618236096, -1.7115183009033348, 2.999999999999999, -7.788013148200641, -2.734685253589693, 2.999999999999999, 0.6286072593920462, -5.090439524888344, 2.999999999999999, -7.4360669926770875, -3.702252811092424, 2.999999999999999, -6.887242302978265, -4.573230104605781, 2.999999999999999, -0.2302638866163189, -5.719107632051962, 2.999999999999999, -1.197529373165188, -6.16574169331648, 2.999999999999999, 1.9599538303044195, 0.6363522546866709, 2.999999999999999, 1.4558354604449235, 1.5336544144825415, 2.999999999999999, 0.7718913790849187, 2.305728336295123, 2.999999999999999, -2.232211128643951, -6.411420117039526, 2.999999999999999, -0.06290321520459852, 2.9198652127734968, 2.999999999999999, -3.290475000320167, -6.4457347700037975, 2.999999999999999, -1.0131823622599927, 3.3500472181469534, 2.999999999999999, -4.3274877822958375, -6.26723191657412, 2.999999999999999, -2.038687614447571, 3.5780497498974353, 2.999999999999999, -5.299316568216025, -5.883473806011185, 2.999999999999999, -3.095973580356608, 3.5942135115821316, 2.999999999999999, -6.164789962908985, -5.310718298803643, 2.999999999999999, -4.085033345466092, 3.413757241805539, 2.999999999999999, -14.416407864998737, -0.527864045000423, -6.999999999999999, -3.6789925866663102, -2.904062805706916, -6.999999999999999, -3.780608643945404, -3.2059727051073024, -6.999999999999999, -3.643029795301067, -2.5897992157328193, -6.999999999999999, -5.856285210418418, -1.2789556670847877, -6.999999999999999, -6.188707153693238, -1.5007584633100377, -6.999999999999999, -6.43156191936014, -1.764384174605675, -6.999999999999999, -3.9434494580064956, -3.482371438803653, -6.999999999999999, -6.593157648567478, -2.0414599855109374, -6.999999999999999, -6.6934049971584315, -2.34377502736185, -6.999999999999999, -6.72793510542159, -2.658154168595729, -6.999999999999999, -3.6742875570898255, -2.276877794041124, -6.999999999999999, -6.695243123593425, -2.9708965145400485, -6.999999999999999, -6.5967537944157915, -3.2683725033714492, -6.999999999999999, -6.436759361706566, -3.5376178933320697, -6.999999999999999, -6.222232510937617, -3.7668987547647603, -6.999999999999999, -5.600541513062362, -1.177424254765007, -6.999999999999999, -4.1604182957995395, -3.7212133286917197, -6.999999999999999, -3.771403633748308, -1.9789359067196322, -6.999999999999999, -4.42205948166439, -3.912089453989099, -6.999999999999999, -3.9301456289028733, -1.7089580997554092, -6.999999999999999, -4.716970483246451, -4.046681280336497, -6.999999999999999, -4.14359543931301, -1.4787102221250088, -6.999999999999999, -5.032298842985762, -4.119123188185075, -6.999999999999999, -4.402450751349315, -1.2982266606761255, -6.999999999999999, -5.3543022985073705, -4.126258101192507, -6.999999999999999, -4.695430443269062, -1.1753730335150638, -6.999999999999999, -5.6689476814179285, -4.0677750741375895, -6.999999999999999, -5.009766225533614, -1.1155034000723096, -6.999999999999999, -5.962522494019481, -3.946222844161932, -6.999999999999999, -5.331759093089044, -1.1212269269059967, -6.999999999999999, 0.4174060932921142, -5.016769564171875, 0.591760121398659, -0.49199961293072203, -5.819953635505963, 0.9059552082682418, -5.487911942476279, 2.8183499275109147, 1.0681483474218632, 1.09625932379618, -4.002276869039702, 0.30749825880345316, -6.491940297485375, 2.1407102816200196, 1.38997674303517, -7.292381483682181, 1.224648477446582, 1.6915834769500484, 1.5019052334613665, -2.8402198571877375, 0.0710308387514802, -7.838940837521193, 0.12772404718646596, 1.9540174888426507, 1.6088555979221093, -1.60361484441738, -0.1027840210890556, -8.09727602469601, -1.081139213001228, 2.1607890845809834, 1.4103903324434155, -0.3701622715960948, -0.20302489382803612, -8.05115489530608, -2.32598397859083, 2.298906044352072, 0.9189797395594983, 0.7826354998045137, -0.2233932767711284, 0.1655009541029946, 1.782343946113713, -0.1626093495083456, -7.703475409532622, -3.5285920747415505, 2.3596899716148547, -0.8027021807347312, 2.566147708979418, -0.024492389737256648, -1.9247939011897799, 3.0847975153521787, 0.18227920600107694, -7.076083548142488, -4.613399211889047, 2.339321588671762, -3.1302690577012804, 3.3057046904370377, 0.44471321789367924, -4.343383212758116, 3.2149888239836515, 0.7463199518085588, -6.2084006491726775, -5.512242967964772, 2.2390807159327824, -5.154946420279948, -6.168645684058392, 2.065265856092247, -3.9819132649992683, -6.541363163437421, 1.828798436040275, -2.7630071705910897, -6.606976196113474, 1.5445365734450691, -1.574816489790118, -6.361362073935659, 1.2303414865754865, -1.7936340961069082, -1.6387346725672782, 0.7168686368685921, -1.8531736757505166, -1.2686989007208933, 0.6867963750468983, -2.0005968536156913, -0.9228595693007114, 0.6806858601639706, -3.922664358226425, -0.3121452409887908, 1.0681483474218676, -4.2238728647291515, -0.5154371347560576, 1.1646968661058588, -2.226640489252642, -0.622947035407952, 0.6989210383428053, -4.464005220588195, -0.7902556760080887, 1.2551788862803224, -2.5171014297039593, -0.38780590654824065, 0.7403561262741318, -2.853728945840473, -0.2322109646364121, 0.8023876049956317, -4.627973026739898, -1.1193330050861237, 1.3339090898481032, -4.705473582892344, -1.4819919831424322, 1.395940568569603, -3.2153714927939228, -0.16593881211095418, 0.8811178085634122, -4.691637244075366, -1.8554454128193134, 1.43737565650093, -3.579305739310973, -0.19315357204696904, 0.9715998287378755, -4.587333398343329, -2.21622784166453, 1.4556108346797645, -4.399115839926288, -2.54166998280878, 1.449500319796837, -4.138810970235344, -2.8113231096314975, 1.4194280579751428, -3.822774701567525, -3.0082439244595838, 1.3672836000229822, -3.4708647549833196, -3.1200591682732925, 1.2963433740073904, -3.105192926660866, -3.1397430780761075, 1.2110648152288286, -2.7487357224205744, -3.0660588414227625, 1.116806289167954, -2.423890659362756, -2.903636309893853, 1.0194904056757808, -2.1510689474959053, -2.662681088493626, 0.9252318796149059, -1.947412978344686, -2.358333279953974, 0.8399533208363442, -1.825719205445131, -2.009716176398385, 0.7690130948207528], "colors": [], "materials": [{"specularCoef": 50, "DbgIndex": 0, "DbgName": "Material", "vertexColors": false, "colorDiffuse": [0.7529411764705882, 0.7529411764705882, 0.7529411764705882], "transparency": 1.0, "colorAmbient": [0.0, 0.0, 0.0], "shading": "Lambert", "DbgColor": 15658734, "colorSpecular": [0.5, 0.5, 0.5]}],