{"scale": 1.0, "morphTargets": [], "uvs": [[]], "vertices": [3.6969172374194406, 2.171604248734482, 11.367716638697692, 0.9189797395595001, 0.7826354998045124, -0.22339327677112752, 0.16550095410299592, 1.7823439461137114, -0.16260934950834494, 2.9434384519629364, 3.1713126950436816, 11.428500565960475, 1.975235317125211, 3.955116457909387, 11.566617525731564, -3.7140027996254323, 3.529679030549989, 12.98108665850399, -2.7099744446163365, 4.2073186764408845, 12.659258262890683, -5.487911942476277, 2.8183499275109134, 1.0681483474218638, -0.8027021807347294, 2.566147708979417, -0.024492389737255538, -4.51444398582224, 2.6136172263765527, 13.282693392418867, -6.491940297485373, 2.1407102816200188, 1.3899767430351708, -1.9247939011897774, 3.0847975153521783, 0.18227920600107783, 0.853143596670163, 4.4737662642821485, 11.773389121469897, -5.0610033396612515, 1.5166927961164365, 13.54512740431147, -7.29238148368218, 1.2246484774465825, 1.691583476950049, -3.1302690577012786, 3.3057046904370373, 0.44471321789368057, -0.3523315598413381, 4.6946734393670075, 12.0358231333625, -5.319338526836068, 0.3078295359287426, 13.751899000049804, -7.838940837521192, 0.12772404718646646, 1.9540174888426511, -4.343383212758114, 3.2149888239836515, 0.7463199518085594, -1.565445714898173, 4.603957572913622, 12.337429867277379, -8.097276024696008, -1.0811392130012274, 2.160789084580984, -5.273217397446139, -0.9370152296608589, 13.890015959820891, -8.05115489530608, -2.3259839785908287, 2.298906044352073, -4.9255379116726825, -2.1396233258115798, 13.950799887083674, -7.703475409532623, -3.5285920747415496, 2.359689971614855, -4.298146050282547, -3.2244304629590754, 13.930431504140582, -7.076083548142487, -4.613399211889046, 2.339321588671763, -3.4304631513127375, -4.123274219034801, 13.830190631401603, -6.2084006491726775, -5.512242967964771, 2.239080715932783, -2.377008922420008, -4.779676935128421, 13.656375771561066, -5.154946420279948, -6.168645684058392, 2.0652658560922474, -1.2039757671393274, -5.152394414507451, 13.419908351509095, -3.981913264999268, -6.5413631634374205, 1.8287984360402758, 0.01493032726885013, -5.218007447183504, 13.135646488913888, -2.7630071705910906, -6.606976196113473, 1.5445365734450698, -1.5748164897901171, -6.361362073935659, 1.2303414865754871, 1.2031210080698234, -4.972393325005689, 12.821451402044307, -0.49199961293072203, -5.819953635505964, 0.9059552082682427, 2.2859378849292185, -4.430984886575994, 12.497065123737062, 0.4174060932921151, -5.0167695641718755, 0.5917601213986599, 3.1953435911520556, -3.6278008152419057, 12.18287003686748, 3.8741968216561204, -2.613308120109733, 11.898608174272272, 1.09625932379618, -4.002276869039703, 0.3074982588034536, 1.5019052334613674, -2.8402198571877384, 0.07103083875148097, 4.279842731321308, -1.4512511082577684, 11.6621407542203, 4.386793095782051, -0.21464609548741098, 11.488325894379765, 1.6088555979221102, -1.603614844417381, -0.10278402108905493, 1.4103903324434164, -0.37016227159609616, -0.20302489382803524, 4.188327830303357, 1.0188064773338739, 11.388085021640784, -2.627998790310408, -1.8960713976444845, 0.9476701441886367, -2.7023308624325137, -2.0452531201598605, 0.9833611698060307, -3.898353855964036, -1.4924310266495926, 1.2037563286010358, -3.9128991055306965, -1.660609308386361, 1.2273951495393487, -2.8111908637552796, -2.1698375255274476, 1.0243796856184542, -3.8859078294255944, -1.8283588582900554, 1.2410279082318498, -2.993022031055217, -1.0397651141951827, 0.9325403662426915, -2.9477387200365155, -2.2619965173686083, 1.0681483474218636, -3.1525545401733903, -0.9890755369996348, 0.9646999353697598, -3.819075988793382, -1.9851393552005379, 1.2437980083121105, -3.1033946272781874, -2.3159394072889015, 1.1119170092252735, -2.8497522559258055, -1.129035883583915, 0.9089015453043786, -3.7166028739712975, -2.121099703898589, 1.235531394204372, -3.3183257690129024, -0.9801521645556918, 1.0033595486827078, -3.268378152365917, -2.328276765126561, 1.1529355250376967, -2.7317473816659112, -1.2512786344102138, 0.8952687866118774, -3.584927247633367, -2.2276970156483245, 1.216747487675504, -3.4799197016018346, -1.0135556851718748, 1.046090080496971, -3.4323227736514808, -2.2982333893150204, 1.1886265506550906, -2.646422088516853, -1.3988124050622737, 0.8924986865316168, -3.6271827968547123, -1.0871872327983136, 1.0902066143467564, -2.5991376784516627, -1.5623671061387718, 0.9007653006393552, -3.750861972901018, -1.19642026649975, 1.1329371461610196, -2.5928652048546326, -1.731665994258958, 0.9195492071682234, -3.8431860122495705, -1.3343912730377254, 1.1715967594739676, 0.14993870754953265, -0.5071026487145145, 12.538780059657457, 0.07560663542742674, -0.6562843712298904, 12.57447108527485, -1.1349616076707563, -0.27164055945639093, 12.818505065008168, -1.1204163581040953, -0.10346227771962249, 12.794866244069855, -0.03325336589533934, -0.7808687765974778, 12.615489601087274, -1.1079703315656537, -0.4393901093600853, 12.83213782370067, -0.169801222176575, -0.8730277684386385, 12.659258262890683, -0.21508453319527665, 0.3492036347347873, 12.523650281711511, -1.0411384909334414, -0.5961706062705678, 12.83490792378093, -0.325457129418247, -0.9269706583589312, 12.703026924694093, -0.37461704231344967, 0.3998932119303352, 12.555809850838578, -0.938665376111357, -0.7321309549686187, 12.82664130967319, -0.07181475806586518, 0.259932865346055, 12.500011460773198, -0.4904406545059764, -0.9393080161965912, 12.744045440506516, -0.5403882711529618, 0.40881658437427826, 12.594469464151526, -0.8069897497734265, -0.8387282667183545, 12.807857403144324, 0.04619011619402913, 0.1376901145197562, 12.486378702080696, -0.6543852757915403, -0.9092646403850503, 12.77973646612391, -0.7019822037418941, 0.37541306375809524, 12.63719999596579, 0.1315154093430878, -0.009843656132303591, 12.483608602000436, -0.8492452989947719, 0.30178151613165627, 12.681316529815575, 0.17879981940827783, -0.17339835720880187, 12.491875216108175, -0.9729244750410774, 0.19254848243022005, 12.72404706162984, 0.18507229300530814, -0.34269724532898804, 12.510659122637042, -1.0652485143896302, 0.05457747589224449, 12.762706674942788], "colors": [], "materials": [{"specularCoef": 50, "DbgIndex": 0, "DbgName": "Material", "vertexColors": false, "colorDiffuse": [0.7529411764705882, 0.7529411764705882, 0.7529411764705882], "transparency": 0.8, "colorAmbient": [0.0, 0.0, 0.0], "shading": "Lambert", "DbgColor": 15658734, "colorSpecular": [0.5, 0.5, 0.5]}],