{"scale": 1.0, "morphTargets": [], "uvs": [[]], "vertices": [-5.0, 5.0, 5.0, -5.0, 5.0, 0.0, -5.0, -5.0, 5.0, -5.0, -5.0, 0.0, 5.0, -5.0, 5.0, 5.0, 5.0, 0.0, 5.0, 5.0, 5.0, 5.0, -5.0, 0.0], "colors": [], "materials": [{"specularCoef": 50, "DbgIndex": 0, "DbgName": "Material", "vertexColors": false, "colorDiffuse": [0.7529411764705882, 0.7529411764705882, 0.7529411764705882], "transparency": 1.0, "colorAmbient": [0.0, 0.0, 0.0], "shading": "Lambert", "DbgColor": 15658734, "colorSpecular": [0.5, 0.5, 0.5]}], "faces": [0, 0, 1, 2, 0, 1, 3, 2, 0, 4, 5, 6, 0, 4, 7, 5, 0, 3, 7, 4, 0, 2, 3, 4, 0, 6, 5, 1, 0, 6, 1, 0, 0, 3, 1, 5, 0, 7, 3, 5, 0, 6, 0, 2, 0, 6, 2, 4], "normals": [], "metadata": {"uvs": 0, "morphTargets": 0, "generatedBy": "ParametricParts", "colors": 0, "vertices": 8, "formatVersion": 3, "materials": 1, "normals": 0, "faces": 12}}